{"initial_reset_timestamp": 1580498883.1157222, "timestamps": [1580499049.0707934, 1580499215.2862458, 1580499216.0185363, 1580499216.461819, 1580499216.9054322, 1580499217.3488338, 1580499217.8210497, 1580499218.2655253, 1580499384.546894, 1580499385.27755], "episode_lengths": [1000, 1000, 1000, 1000, 1000, 1000, 1000, 1000, 1000, 1000], "episode_rewards": [9.989212620470182, 15.098523692059034, 8.928918349293863, 12.00329885446118, 18.48843940131101, 6.795984192220094, 3.2152291299542326, 14.610451719180437, 10.915852886867867, 29.109793204619766], "episode_types": ["t", "t", "t", "t", "t", "t", "t", "t", "t", "t", "t"]}