{"initial_reset_timestamp": 1580505478.0212784, "timestamps": [1580505642.0740066, 1580505806.614927, 1580505807.4632156, 1580505807.8874695, 1580505808.307214, 1580505808.7306936, 1580505809.1498904, 1580505809.5730147, 1580505980.0663707, 1580505981.555482], "episode_lengths": [1000, 1000, 1000, 1000, 1000, 1000, 1000, 1000, 1000, 1000], "episode_rewards": [300.60446616862083, 299.3562154713875, 300.70300056584097, 301.0535690161187, 301.81692953048446, 299.7049685787056, 299.8622205640764, 299.8157593888405, 297.3848995698922, 299.20063342126895], "episode_types": ["t", "t", "t", "t", "t", "t", "t", "t", "t", "t", "t"]}