{"initial_reset_timestamp": 1580602772.8904455, "timestamps": [1580602941.5464213, 1580603111.492124, 1580603112.332701, 1580603112.8430595, 1580603113.354782, 1580603113.866942, 1580603114.3800552, 1580603114.8930752, 1580603285.0743809, 1580603285.9000628], "episode_lengths": [1000, 1000, 1000, 1000, 1000, 1000, 1000, 1000, 1000, 1000], "episode_rewards": [50.66983429453839, 52.34564228202552, 53.04319310177355, 46.33334206932222, 50.92491759720214, 50.72818772134841, 50.61830692589266, 47.659123670713996, 51.75995927076687, 50.79659499464059], "episode_types": ["t", "t", "t", "t", "t", "t", "t", "t", "t", "t", "t"]}