{"initial_reset_timestamp": 1580674177.6676235, "timestamps": [1580674346.043704, 1580674515.1403635, 1580674515.9498947, 1580674516.4713392, 1580674516.9925506, 1580674517.5145402, 1580674518.034653, 1580674518.5549424, 1580674687.6250012, 1580674688.4660952], "episode_lengths": [1000, 1000, 1000, 1000, 1000, 1000, 1000, 1000, 1000, 1000], "episode_rewards": [49.04304812818307, 49.65735205405851, 48.69753404663805, 49.88705164038305, 47.296783772858106, 48.78330972433669, 49.05116170966605, 49.08016317013879, 48.58870623328133, 46.180487509620505], "episode_types": ["t", "t", "t", "t", "t", "t", "t", "t", "t", "t", "t"]}