{"initial_reset_timestamp": 1580502632.519829, "timestamps": [1580502796.6037207, 1580502958.1361957, 1580502958.8413408, 1580502959.2654111, 1580502959.7025776, 1580502960.1312842, 1580502960.5539079, 1580502960.9901865, 1580503126.14191, 1580503126.9721673], "episode_lengths": [1000, 1000, 1000, 1000, 1000, 1000, 1000, 1000, 1000, 1000], "episode_rewards": [185.71793838367472, -3.0946668869665377, 157.62400648125538, 179.81751777188842, 167.00136556420992, 192.05557957662856, 186.62086740964668, 189.5956760171602, 193.58663987117615, 150.28200098656478], "episode_types": ["t", "t", "t", "t", "t", "t", "t", "t", "t", "t", "t"]}