{"initial_reset_timestamp": 1580597344.1467383, "timestamps": [1580597516.2615044, 1580597686.8336494, 1580597687.668149, 1580597688.1845186, 1580597688.7002172, 1580597689.216868, 1580597689.7333543, 1580597690.2496395, 1580597860.320052, 1580597861.1306803], "episode_lengths": [1000, 1000, 1000, 1000, 1000, 1000, 1000, 1000, 1000, 1000], "episode_rewards": [17.79378314474502, 18.125953341307696, 18.548612517874528, 19.190008761178902, 16.903821552848623, 18.92491610295304, 17.868703202504044, 17.88407893788067, 18.27791015725675, 17.526395581533727], "episode_types": ["t", "t", "t", "t", "t", "t", "t", "t", "t", "t", "t"]}