{"initial_reset_timestamp": 1580499530.4448774, "timestamps": [1580499694.5304039, 1580499858.2605217, 1580499858.9834194, 1580499859.443537, 1580499859.8989122, 1580499860.3580425, 1580499860.8106422, 1580499861.261707, 1580500024.2897801, 1580500025.0115445], "episode_lengths": [1000, 1000, 1000, 1000, 1000, 1000, 1000, 1000, 1000, 1000], "episode_rewards": [-20.973565723379355, -27.69477675847407, -20.4183053505572, -12.339422489626836, -16.06838861510895, -10.690190809331673, -22.79213293204975, -14.531439228406269, -11.827832761848173, -27.921980381572904], "episode_types": ["t", "t", "t", "t", "t", "t", "t", "t", "t", "t", "t"]}